ID,Title,Company,Location,Date Posted
engineer,Backend Software Engineer (Node.js),TVZ Corp,Abuja,PostedPosted 6 days ago
engineer,Software Engineer,Tony Elumelu Foundation,Lagos,PostedPosted 5 days ago
engineer,Senior Backend Engineer ( Laravel) II,Recruitment Room,Lagos,PostedPosted 29 days ago
engineer,Senior QA Manual Engineer,AltexSoft,Nigeria,PostedPosted 15 days ago
engineer,Mechanical Engineer (M/F),MOTA-ENGIL,Kazaure,PostedPosted 19 days ago
engineer,"MECHANICAL ENGINEER, CONTROL ENGINEER",Shiyali Hr Services,Nigeria,PostedPosted 30+ days ago
engineer,Aircraft Engineer - Kortrijk,ExecuJet-MRO,Benue,PostedPosted 30+ days ago
engineer,Electrical Site Engineer( Real Estate),SENCE,Lagos,PostedPosted 21 days ago
engineer,Project Engineer,Main One,Nigeria,PostedPosted 30+ days ago
engineer,Service Engineer,Tetra Pak,Lagos,PostedToday
engineer,Mechanical Engineer,New Hope Agriculture & Technology Nig. Ltd.,Abeokuta,PostedToday
engineer,Electrical Engineer,Nioke Consulting,Nigeria,PostedToday
engineer,"Engineer II, Mfg",Boston Scientific Corporation,Cross River,PostedPosted 2 days ago
engineer,Mechanical Site Engineer (Real Estate),SENCE,Lagos,PostedPosted 21 days ago
engineer,"MECHANICAL SUPERVISOR, CONTROL ENGINEER",Shiyali Hr Services,Nigeria,PostedPosted 30+ days ago
engineer,"Engineer, Sr R&D",Boston Scientific Corporation,Cross River,PostedToday
engineer,Instrument & Control Engineer,APTEC Engineers Technical Services (AETS),Nigeria,PostedPosted 30+ days ago
engineer,Design Engineering,VIASTORE,Enugu,PostedPosted 30+ days ago
engineer,Ericsson Recruitment for Gen-E Graduate Engineer,Ericsson,Lagos,PostedPosted 7 days ago
engineer,Service Engineer,ABB,Lagos,PostedPosted 30+ days ago
engineer,Mechanical Maintenance Engineer,Rekrut Consulting,Lagos,PostedPosted 7 days ago
engineer,"Engineer II, Mfg",Boston Scientific Corporation,Cross River,PostedPosted 2 days ago
engineer,Quality Assurance Engineer,Stanbic IBTC Bank,Lagos,PostedPosted 7 days ago
engineer,Electrical Maintance Engineer,Rekrut Consulting,Lagos,PostedPosted 7 days ago
engineer,Backend Engineer,TBO Integrated Services Limited,Lagos,PostedPosted 16 days ago
engineer,Solar Engineer-Installer,KUZARIMAX,Nigeria,PostedPosted 21 days ago
engineer,Licensed Aircraft Engineer,Bristow,Nigeria,PostedPosted 16 days ago
engineer,Systems Engineer,Hephzibah Integrated Technologies Ltd,Abuja,PostedPosted 30+ days ago
engineer,Piping Engineer,Seflam SGL,Lagos,PostedPosted 9 days ago
engineer,IT Site Engineer,Seven Up Bottling Company,Lagos,PostedPosted 4 days ago
engineer,Backend Engineer,TBO Integrated Services Limited,Lagos,PostedPosted 16 days ago
engineer,Electrical and Electronics Engineer,Hephzibah Integrated Technologies Ltd,Abuja,PostedPosted 30+ days ago
engineer,"Assistant Engineer, Electrical",Dangote Industries Limited,Nigeria,PostedPosted 30+ days ago
engineer,"Engineer II, Mfg",Boston Scientific Corporation,Cross River,PostedPosted 2 days ago
engineer,Process Engineer,Renolit,Lagos,PostedPosted 30+ days ago
engineer,Licensed Aircraft Engineer,Bristow,Nigeria,PostedPosted 16 days ago
engineer,PHP Software Engineer - Jumia (Full Time),Jumia,Nigeria,PostedPosted 30+ days ago
engineer,Cyber Threat Engineer - Global Threat Operations,Trustwave,Plateau,PostedToday
engineer,Systems Engineer,Hephzibah Integrated Technologies Ltd,Abuja,PostedPosted 30+ days ago
engineer,Licensed Aircraft Engineer,Bristow,Nigeria,PostedPosted 16 days ago
engineer,Senior Production Engineer,SC Johnson,Lagos,PostedPosted 15 days ago
engineer,Mechanical Engineer,UNIC GROUP LTD,Abuja,PostedPosted 30+ days ago
engineer,Process Engineer,Renolit,Lagos,PostedPosted 30+ days ago
engineer,Software Engineer,GODP CONSULTING,Lagos,PostedPosted 30+ days ago
engineer,Senior Back-End Engineer (Node.js/TypeSript),Deel,Nigeria,PostedPosted 7 days ago
engineer,Electrical and Electronics Engineer,Hephzibah Integrated Technologies Ltd,Abuja,PostedPosted 30+ days ago
engineer,Instrumentation Engineer (Cement Industry),Dangote Industries Limited,Nigeria,PostedPosted 30+ days ago
engineer,Solar Installation Engineer,Technautic nigeria limited,Abeokuta,PostedPosted 1 day ago
engineer,Head Electrical Engineer H/F,SPIE,Nigeria,PostedPosted 30+ days ago
engineer,"Engineer II, QA",Boston Scientific Corporation,Cross River,PostedPosted 1 day ago
engineer,Electrical And Automation Engineer,Rekrut Consulting,Lagos,PostedPosted 7 days ago
engineer,"Assistant Engineer, Electrical",Dangote Industries Limited,Nigeria,PostedPosted 30+ days ago
engineer,Systems Engineer,Hephzibah Integrated Technologies Ltd,Abuja,PostedPosted 30+ days ago
engineer,Civil Engineer,Ol’Bharms Height School,Lagos,PostedPosted 22 days ago
engineer,Senior Project Engineer,Worley,Abeokuta,PostedPosted 1 day ago
engineer,Electrical Engineer,Romax properties Limited,Lagos,PostedPosted 30+ days ago
engineer,Mechanical Engineer (Cement Industry),Dangote Industries Limited,Nigeria,PostedPosted 30+ days ago
engineer,Electrical Engineer,New Hope Agriculture & Technology Nig. Ltd.,Abeokuta,PostedToday
engineer,"Lead Engineer - Fullstack, Software Development",NewGlobe,Lagos,PostedPosted 5 days ago
engineer,Well Engineering,Havilah Energy,Nigeria,PostedPosted 30+ days ago
engineer,Electrical Engineer (Cement Industry),Dangote Industries Limited,Nigeria,PostedPosted 30+ days ago
engineer,Support Engineer,Cobranet Limited,Lagos,PostedPosted 30+ days ago
engineer,Engineer - IP Security forensics and Incident Management.Information Technology,MTN,Nigeria,PostedPosted 5 days ago
engineer,Field Engineer,Speedcast,Nigeria,PostedPosted 30+ days ago
engineer,Software System Support Engineer,INTTECK GLOBAL SYSTEMS LTD,Lagos,PostedPosted 6 days ago
engineer,Electrical Engineer,SG HOLDINGS LIMITED,Lagos,PostedPosted 20 days ago
engineer,IT Systems Engineer,MainOne Cable,Abuja,PostedPosted 7 days ago
engineer,Marine Engineer II,Scruples Resources Limited,Rivers,PostedPosted 12 days ago
engineer,Sales Engineers Needed in Nigeria,Skills Provision,Nigeria,PostedPosted 30+ days ago
engineer,Manager Engineering and Projects,Cainergy International,Lagos,PostedPosted 30+ days ago
engineer,Sygnite Power and Energy Solutions Recruitent for Engineering Intern,Sygnite Power and Energy Solutions LTD,Abuja,PostedPosted 9 days ago
engineer,Managed Security Services Engineer,Main One,Lagos,PostedPosted 30+ days ago
engineer,Electronics Design Engineer,EN1 TECHNOLOGIES,Lagos,PostedPosted 29 days ago
engineer,Project Engineer,Jobberman (Third Party Recruitment),Lagos,PostedPosted 21 days ago
engineer,Information Technology Engineer,Cirrus Energy,Lagos,PostedPosted 30+ days ago
engineer,Infrastructure / Cloud / DevOps Engineer (Junior Associate),Bincom ICT Solutions,Lagos,PostedPosted 30+ days ago
engineer,Engineer,SOLAR PRO ENERGY LTD,Kano,PostedPosted 30+ days ago
engineer,Electrical Engineer,Wellcome Nigeria Food Industry Co. Limited,Abuja,PostedPosted 7 days ago
engineer,PHP Software Engineer - Jumia (Full Time),Jumia,Nigeria,PostedPosted 30+ days ago
engineer,Civil Engineer,African Foundries Limited (AFL),Ogun,PostedPosted 15 days ago
engineer,Head Electrical Engineer M/F H/F,SPIE,Nigeria,PostedPosted 30+ days ago
engineer,Hardware Engineer,Coniah Systems Support Limited,Lagos,PostedPosted 30+ days ago
engineer,Quality Facility Engineer,Ogeyi Place Hotels Limited,Port Harcourt,PostedPosted 29 days ago
engineer,Network Engineer,Zeta-Web Nigeria Limited,Lagos,PostedPosted 20 days ago
engineer,Quality Assurance Engineer,Trusoft Limited,Lagos,PostedPosted 5 days ago
engineer,Business Intelligence Engineer,NewGlobe,Lagos,PostedPosted 20 days ago
engineer,Software Backend Engineer,ING,Lagos,PostedPosted 30+ days ago
engineer,Principal Electrical Engineer,Worley,Abeokuta,PostedPosted 30+ days ago
engineer,Full Stack Engineer,EDEN SOLUTIONS AND RESOURCES LIMITED,Abuja,PostedPosted 22 days ago
engineer,Electrical Maintenance Engineer,Agrited Nigeria,Lagos,PostedPosted 9 days ago
engineer,Drilling Engineer,Rit-beulah Engineering Services Limited,Lagos,PostedPosted 30+ days ago
engineer,Electrical Engineer,Bodge Limited,Lagos,PostedPosted 13 days ago
engineer,IT Security Engineer,Dangote Industries Limited,Lagos,PostedPosted 30+ days ago
engineer,Software Engineer,ENGIE Energy Access,Lagos,PostedPosted 6 days ago
engineer,Fiber Optics Engineer,BlueChip Communications Limited,Lagos,PostedPosted 30+ days ago
engineer,Reliability Engineer,Renolit,Lagos,PostedPosted 30+ days ago
engineer,Mechanical Engineer,Frutta Juice and Services Nigeria Limited,Lagos,PostedPosted 18 days ago
engineer,Electrical Engineer,Odixcity Consulting,Rivers,PostedPosted 6 days ago
engineer,DevOps Engineer,OnfleekQ Technologies Limited,Abuja,PostedPosted 9 days ago
engineer,Senior Structural Engineer (Nigeria),Hire Resolve,Lagos,PostedPosted 12 days ago
engineer,Mid-level Devops Engineer,Gloopro,Lekki,PostedPosted 30+ days ago
engineer,Product Development Engineer/ Product Development Scientist,Renolit,Lagos,PostedPosted 30+ days ago
engineer,Associate Data & ML Engineer,TUA,Lagos,PostedPosted 30+ days ago
engineer,DCS Engineer (Cement Industry),Dangote Industries Limited,Nigeria,PostedPosted 30+ days ago
engineer,Physics/Engineer,Dmholdings Ltd,Lagos,PostedPosted 30+ days ago
engineer,Senior Mobile Engineer - Ecommerce,Recruitment Room,Lagos,PostedPosted 22 days ago
engineer,Electrical Design Engineer,JMG,Lagos,PostedPosted 30+ days ago
engineer,Senior Fullstack Engineer,Top Remote Talent,Abuja,PostedPosted 30+ days ago
engineer,DevOps Engineer,TUA,Lagos,PostedPosted 30+ days ago
engineer,"Engineer, Materials",Aurecon Group,Plateau,PostedPosted 30+ days ago
engineer,Contracts Engineer,Aspire Capital Group,Lagos,PostedPosted 30+ days ago
engineer,Technical Sales Engineer AC Power,Vertiv Group Corp,Lagos,PostedPosted 22 days ago
engineer,Solutions Engineer,Authority Wit,Nigeria,PostedPosted 30+ days ago
engineer,Engineering Project Manager,APTEC Engineers Technical Services (AETS),Nigeria,PostedPosted 30+ days ago
engineer,Service Engineer - MAN Trucks at NIGERIA,Synergy Expat Jobs,Nigeria,PostedPosted 9 days ago
engineer,Senior Software Engineer,King of CMS Consulting,Lagos,PostedPosted 13 days ago
engineer,Senior .NET Software Engineer,AltexSoft,Nigeria,PostedPosted 30 days ago
engineer,Structural Engineer,WTS Energy,Rivers,PostedPosted 23 days ago
engineer,Data & ML Engineer,TUA,Lagos,PostedPosted 30+ days ago
engineer,I.T Support Engineer,Tybitx Services International Limited,Lagos,PostedPosted 21 days ago
engineer,Solar System Engineer,SOLAR PRO ENERGY LTD,Abuja,PostedPosted 21 days ago
engineer,Senior Java Software Engineer - Jumia (Full Time),Jumia,Nigeria,PostedPosted 30+ days ago
engineer,Software Engineering Manager,PhastMoney,Lagos,PostedPosted 12 days ago
engineer,"Presales Engineer | Lagos, Nigeria",Genese Solution,Lagos,PostedPosted 30+ days ago
engineer,Software Engineer - Siemens PCS7 Specialist,Data2Bots,Lagos,PostedPosted 7 days ago
engineer,"Associate Engineer, Test Manufacturing",Celestica,Lagos,PostedPosted 30+ days ago
engineer,"Engineer II, Quality",Boston Scientific Corporation,Cross River,PostedPosted 7 days ago
engineer,Java Senior Engineering Manager - Jumia (Full Time),Jumia,Nigeria,PostedPosted 30+ days ago
engineer,DevOps Engineer,Analytics Intelligence (AI),Lagos,PostedPosted 20 days ago
engineer,Telecom Field Engineer,Global Profilers,Lagos,PostedPosted 8 days ago
engineer,Senior Software Engineer,TreeTop Consulting,Lagos,PostedPosted 30+ days ago
engineer,Solutions Support Engineer,Parkway Projects,Yaba,PostedPosted 30+ days ago
engineer,HSE Supervisory Engineer,FELTON ENERGY SERVICES LIMITED,Lagos,PostedPosted 21 days ago
engineer,IT Sales Engineer,Rimdinado International Ltd,Abuja,PostedPosted 23 days ago
engineer,Devops Engineer,eHealth4everyone,Abuja,PostedPosted 14 days ago
engineer,Electrical Engineer,Powerfield Consulting,Lagos,PostedPosted 28 days ago
engineer,Mid-level Software Engineers,Gloopro,Lekki,PostedPosted 30+ days ago
engineer,"Technical Support Engineer, Port- Harcourt",Main One,Lagos,PostedPosted 27 days ago
engineer,Civil / Structural Engineer,Cozym Process Systems Limieted,Lagos,PostedPosted 7 days ago
engineer,RoadLamp Limited Recruitment for Engineer Trainee (NYSC),RoadLamp Limited,Rivers,PostedPosted 18 days ago
engineer,Civil Engineering Manager,BlockMaster Ltd,Ibadan,PostedPosted 30+ days ago
engineer,Sr Road Design Engineer (Technical Advisor) - Expatriate,Adexen,Nigeria,PostedPosted 30+ days ago
engineer,Chief Electrical Engineer,Worley,Abeokuta,PostedPosted 1 day ago
engineer,"Failure Analysis Engineer, SHS (Lagos, Nigeria)",Sun King,Nigeria,PostedPosted 30+ days ago
engineer,Principal Electrical Engineer - Offshore,Worley,Abeokuta,PostedPosted 2 days ago
engineer,Support Analyst / Quality Assurance Engineer,Choice Talents NG,Lagos,PostedPosted 19 days ago
engineer,Network Engineer,United Geophysical,Lagos,PostedPosted 30+ days ago
engineer,Software Engineer,fonYou,Lagos,PostedPosted 30+ days ago
engineer,Chief Civil Engineer,Worley,Abeokuta,PostedToday
engineer,Senior Data Engineer,Flutterwave,Lagos,PostedPosted 4 days ago
engineer,Chief Engineer M/F,Bourbon,Nigeria,PostedPosted 30+ days ago
engineer,Facilities/Process Engineer,ASPEN Energy Nigeria Limited,Lagos,PostedPosted 30+ days ago
engineer,Senior Mobile Engineer (React Native),Smart Gate Technologies and Consulting,Nigeria,PostedPosted 15 days ago
engineer,Senior Software Engineer,Trusoft Limited,Lagos,PostedPosted 9 days ago
engineer,Sales Engineer,Hexagon Engineering Limited,Lagos,PostedPosted 30+ days ago
engineer,Civil Structural Engineer,Ocean Crest Technologies Limited,Lagos,PostedPosted 12 days ago
engineer,Quality Assurance/Cyber Security Engineer,HelloMe Limited,Lagos,PostedPosted 29 days ago
engineer,"Senior Engineer, Mines",Dangote Industries Limited,Nigeria,PostedPosted 30+ days ago
engineer,NOC Engineer,Alfred & Victoria Associates,Lagos,PostedPosted 22 days ago
engineer,Senior Full Stack Engineer,AltexSoft,Nigeria,PostedPosted 30+ days ago
engineer,Senior Business Intelligence Engineer,NewGlobe,Lagos,PostedPosted 30+ days ago
engineer,Feature Engineer,ING,Lagos,PostedPosted 30+ days ago
engineer,Structural (Civil) Engineer,Adozillion Homes and Realty,Lagos,PostedPosted 5 days ago
engineer,Network Engineer,C3PROJECT,Nigeria,PostedPosted 27 days ago
engineer,"Failure Analysis Engineer - Inverters, Lagos (Nigeria)",Sun King,Nigeria,PostedPosted 30+ days ago
engineer,Backend Engineer (GoLang | Fullstack),Yaraa.io,Nigeria,PostedPosted 22 days ago
engineer,PHP Senior Engineering Manager - Jumia (Full Time),Jumia,Nigeria,PostedPosted 30+ days ago
engineer,Senior NestJs Engineer,Tribesquare,Lagos,PostedPosted 6 days ago
engineer,Microsoft BI Developer Quality Assurance Engineer,NewGlobe,Lagos,PostedPosted 29 days ago
engineer,Service Sales Engineer,Bühler,Ikeja,PostedPosted 21 days ago
engineer,Senior Software Engineer,Paga Limited,Lagos,PostedPosted 19 days ago
engineer,SYSTEMS COMPLETION ENGINEER/SPECIALIST III,Scruples Resources,Lagos,PostedPosted 28 days ago
engineer,Lead Electrical Engineer (Future projects),Worley,Abeokuta,PostedPosted 30+ days ago
engineer,NOC Engineer (Field),Alfred & Victoria Associates,Lagos,PostedPosted 7 days ago
engineer,Senior Software Engineer,Bincom ICT Solutions,Lagos,PostedPosted 30+ days ago
engineer,Construction Quality Engineer,Terra Energy Services Nigeria Limited,Rivers,PostedPosted 22 days ago
engineer,Senior Software Engineers,Gloopro,Lekki,PostedPosted 30+ days ago
engineer,Principal Mechanical Engineer,Worley,Abeokuta,PostedPosted 30+ days ago
engineer,OCONUS Mechanical Engineer,Markon Solutions,Lagos,PostedPosted 30+ days ago
engineer,Biomedical Technician/Engineer,AAA Caliberations Ltd,Lagos,PostedPosted 30+ days ago
engineer,Data Center Facility Engineers,Main One,Lagos,PostedPosted 30+ days ago
engineer,Senior Engineer - System Integration,Optiva,Nigeria,PostedPosted 30+ days ago
engineer,Engineer - IP Security Planning.Information Technology,MTN Group,Lagos,PostedPosted 5 days ago
engineer,Senior Civil Engineer,Terra Developers Limited,Lagos,PostedPosted 23 days ago
engineer,Senior Data Engineer (Snowflake Cloud Data Warehousing),Jobberman (Third Party Recruitment),Lagos,PostedPosted 30+ days ago
engineer,Principal R&D Engineer,Boston Scientific Corporation,Cross River,PostedPosted 21 days ago
engineer,Full-Stack Engineer - NextGen (.NET/Vue),Deel,Nigeria,PostedPosted 30+ days ago
engineer,Engineer - IP Security forensics and Incident Management.Information Technology,MTN Group,Lagos,PostedPosted 5 days ago
engineer,Engineer,Mornyray New energy Nigeria limited,Lagos,PostedPosted 30+ days ago
engineer,"Manager, Electrical Engineering - Cement Plant",Dangote Industries Limited,Lagos,PostedPosted 30+ days ago
engineer,Licensed Aircraft MTCE Engineer – Electrical & Avionics,Flying Doctors Nigeria,Lagos,PostedPosted 30+ days ago
engineer,Senior Contract Engineer,Prime Spectrum,Rivers,PostedPosted 21 days ago
engineer,Quality Engineer,Danfoss,Plateau,PostedPosted 15 days ago
engineer,Engineering Manager - ICSS,INTECH,Lagos,PostedPosted 30+ days ago
engineer,Life Safety Service Sales Engineer - Qatar,Eaton,Abeokuta,PostedPosted 1 day ago
engineer,Senior Full Stack Engineer,Acumen,Lagos,PostedPosted 4 days ago
engineer,Lead Safety & Risk Engineer (Future projects),Worley,Abeokuta,PostedPosted 30+ days ago
engineer,Technical Sales Engineer,Early Global Resources Ltd,Lagos,PostedPosted 30+ days ago
engineer,Safety Engineer Level II,Worley,Abeokuta,PostedPosted 30+ days ago
engineer,SYSYEMS COMPLETION ENGINEER/ SPECIALIST III,Scruples Resources,Lagos,PostedPosted 30+ days ago
engineer,Lead Piping Engineer (Future Projects),Worley,Abeokuta,PostedPosted 30+ days ago
engineer,"General Manager, Electrical Engineering - Cement Plant",Dangote Industries Limited,Lagos,PostedPosted 30+ days ago
engineer,Network Engineer,IpNX Nigeria Limited,Rivers,PostedPosted 15 days ago
engineer,Lead Instrumentation Engineer (Future projects),Worley,Abeokuta,PostedPosted 30+ days ago
engineer,Lead Offshore Structural Engineer (Future Projects),Worley,Abeokuta,PostedPosted 30+ days ago
engineer,Senior Analytics Engineer,M-KOPA Nigeria,Lagos,PostedPosted 23 days ago
engineer,Supply Chain Methods Engineer (Performance & Support) M/F,SPIE,Lagos,PostedPosted 9 days ago
engineer,Fullstack Engineer,Baaraku,Lagos,PostedToday
engineer,Maintenance Engineer(Mushin),Ascentech Services Ltd,Lagos,EmployerActive 2 days ago
engineer,Service Engineers – Generators,Ascentech Services Ltd,Lagos,PostedPosted 1 day ago
engineer,Senior FrontEnd Engineer,RAVENPAY LTD,Lagos,EmployerActive 17 days ago
engineer,Telecom Maintenance Engineer,growthfn,Lagos,EmployerActive 2 days ago
engineer,Electrical Engineer at Talent Africa,Myjobmag.com,Lagos,EmployerActive 14 days ago
engineer,PROJECT ENGINEER,Work In Nigeria Recruitment Agency,Lagos,EmployerActive 6 days ago
engineer,Senior Structural Design Engineer (Building Construction Company),Irecruiters Africa,Port Harcourt,EmployerActive 2 days ago
engineer,Civil Engineer,Omoarega Consulting Limited,Lagos,EmployerActive 3 days ago
engineer,Senior Project Engineer (Civil Engineering),AAO-Tsalach,Lagos,EmployerActive 3 days ago
engineer,Technical Services Engineer,TERAWORK,Lagos,EmployerActive 2 days ago
engineer,Music Producer/Audio Engineer,Monarch Group limited,Lagos,EmployerActive 2 days ago
engineer,Production Operations Engineer,Meta4 Solutions,Lagos,EmployerActive 7 days ago
engineer,Network Engineer,Wetland Microfinance Bank,Warri,PostedToday
engineer,Marine Engineer,Nigerdock,Lagos,EmployerActive 7 days ago
engineer,NOC ENGINEER (EXPATRIATE),GLOBAL PROFILERS,Lagos,EmployerActive 5 days ago
engineer,Electrical Engineer,Fire hunt Nigeria,Port Harcourt,EmployerActive 6 days ago
engineer,Senior Backend Engineer ( Laravel) II at Bumpa,lagosjobslagosjobs.NG,Lagos,PostedPosted 5 days ago
engineer,Civil Engineers,MEGAMOUND INVESTMENT,Lagos,EmployerActive 2 days ago
engineer,Civil Engineer,Tastee Fried Chicken,Lagos,EmployerActive 3 days ago
engineer,Technical Engineer (Lakowe),DREAMWORKS INTEGRATED SYSTEMS LIMITED,Lagos,EmployerActive 2 days ago
engineer,Back-End Engineer Laravel (PHP),Paymente Ltd (t/a Gloopro.com),Lekki,PostedPosted 2 days ago
engineer,Technical Support Engineer,Moniepoint,Lagos,PostedPosted 30+ days ago
engineer,Chief Engineer,N.U.E Offshore Resources Ltd,Lagos,EmployerActive 2 days ago
engineer,IT SUPPORT ENGINEER,Simba Group,Lagos,EmployerActive 3 days ago
engineer,Civil Site Engineer,AAO-Tsalach,Lagos,EmployerActive 3 days ago
engineer,Project Engineer,Riglog services limited,Warri,EmployerActive 2 days ago
engineer,Mid-Senior Level Software Engineer,WAZOBIA TECHNOLOGIES,Lekki,PostedJust posted
engineer,Senior Backend Engineer,BroadTekniks,Lagos,EmployerActive 6 days ago
engineer,Tech Implementation Engineer,Ash Nelson Partners,Lagos,EmployerActive 2 days ago
engineer,Entry Level Network Engineer,IPNX NIGERIA LIMITED,Lagos,PostedJust posted
engineer,Junior Plant Engineer,Electronic Payplus Limited,Lagos,EmployerActive 7 days ago
engineer,Software Engineer,Lorgarithm,Lagos,PostedPosted 20 days ago
engineer,Controls Engineer,Asamaka Industries Ltd Nigeria,Lekki,EmployerActive 2 days ago
engineer,Solution Engineer (Renewables),Jubaili Bros Engineering Limited,Lagos,EmployerActive 2 days ago
engineer,Solar Engineer,Hybrid Power Solutions,Abuja,EmployerActive 2 days ago
engineer,Quality Engineer (Automotive Industry),Ascentech Services Ltd,Lagos,EmployerActive 2 days ago
engineer,Pipeline Engineer II,KIMERIC NIGERIA LIMITED,Eket,EmployerActive 2 days ago
engineer,Cloud Infrastructure Engineer,Prunedge Development Technologies,Lagos,EmployerActive 2 days ago
engineer,IT Support Engineer,MIM FINANCE,Lagos,EmployerActive 8 days ago
engineer,Fibre Optics field engineer,Fibrehub Internetworking Services LTD,Ikeja,PostedPosted 1 day ago
engineer,Software Engineer,Hybrid Power Solutions,Abuja,EmployerActive 2 days ago
engineer,Computer Hardware Engineer,RAC Outsourcing,Abuja,EmployerActive 3 days ago
engineer,Instrumentation Engineer (Bonny Island),Alpha Mead Group,Rivers,PostedPosted 30+ days ago
engineer,Assistant Geotechnical Engineer,Clement Ashley Consulting,Port Harcourt,EmployerActive 3 days ago
engineer,SOLAR ENGINEER,Solar Power Training Centre,Abuja,EmployerActive 6 days ago
engineer,QA engineer - Nigeria,RemotePass,Nigeria,PostedPosted 30+ days ago
engineer,Software Engineer,BORAJ,Ibadan,EmployerActive 19 days ago
engineer,Computer Engineer,Luxsit Ingtegration.com,Lagos,EmployerActive 2 days ago
engineer,Fibre Operations Quality Assurance & Control Engineer,IPNX NIGERIA LIMITED,Lagos,PostedJust posted
engineer,Construction Quality Engineer,Terra Energy Service Nigeria Ltd,Port Harcourt,EmployerActive 2 days ago
engineer,Structural Engineers,MEGAMOUND INVESTMENT,Lagos,EmployerActive 3 days ago
engineer,Systems Engineer (Security),Reposebay,Lagos,EmployerActive 2 days ago
engineer,INFRASTRUCTURE SUPPORT ENGINEER,JSK Consulting Group,Lagos,EmployerActive 2 days ago
engineer,"BACKEND ENGINEER (OLUYOLE, IBADAN)",Elocuencia Consulting,Ibadan,EmployerActive 2 days ago
engineer,Site Engineer,Bregstein Engineering,Enugu,PostedPosted 30+ days ago
engineer,Renewable Energy Engineer,"Sanford Federal, Inc.",Lagos,PostedPosted 30+ days ago
engineer,Front Office Engineer,JSK Consulting Group,Lagos,EmployerActive 2 days ago
engineer,Full Stack Engineer,Today's Solutions,Lagos,EmployerActive 7 days ago
engineer,Flowline Engineer (Above 3 yrs experience),CWG Engineering Limited,Port Harcourt,EmployerActive 7 days ago
engineer,Network Security Engineer,Terawork,Lagos,PostedPosted 1 day ago
engineer,Senior Backend Engineer - Payments,Bumpa,Lagos,PostedPosted 30+ days ago
engineer,Biomedical Engineer,Medcourt Support Services,Lagos,EmployerActive 6 days ago
engineer,Quality Assurance Engineer (Software Testing),Accretio,Abuja,EmployerActive 7 days ago
engineer,DevOPS Engineer,Revent Technologies,Lagos,EmployerActive 8 days ago
engineer,Backend Engineer,Kuda Technologies Ltd,Lagos,EmployerActive 3 days ago
engineer,Design Engineer,Husk Power Systems,Abuja,PostedPosted 21 days ago
engineer,Engineering - Drill Team Quality Representative Coordinator III,KIMERIC NIGERIA LIMITED,Port Harcourt,EmployerActive 2 days ago
engineer,Field Engineer,GLOBAL PROFILERS,Port Harcourt,EmployerActive 2 days ago
engineer,Network Security Engineer,Casper Technologies Limited,Lagos,EmployerActive 3 days ago
engineer,Graduate Trainee Engineer,Photizzo Technologies Limited,Lagos,PostedPosted 30+ days ago
engineer,Civil Engineer,Inter Arc Consultant Limited Benin City,Benin City,EmployerActive 13 days ago
engineer,Civil Engineer,Emmaking Construction Ltd.,Lagos,EmployerActive 22 days ago
engineer,Engineering & Utilities Manager,Ultimum Limited,Abia,PostedPosted 3 days ago
engineer,FIELD INSTALLATION ELECTRICAL ENGINEERS (SOLAR/INVERTERS),PSC SOLAR UK,Lagos,EmployerActive 13 days ago
engineer,Senior Mechanical Engineer (Building Construction Company),Irecruiters Africa,Port Harcourt,EmployerActive 3 days ago
engineer,Senior Mobile Engineer Ecommerce at Bumpa,lagosjobslagosjobs.NG,Lagos,EmployerActive 6 days ago
engineer,Technical Support Engineer - M365,Tek Experts,Lagos,PostedPosted 30+ days ago
engineer,Engineering - Fluids Advisor III,KIMERIC NIGERIA LIMITED,Port Harcourt,EmployerActive 2 days ago
engineer,Software Engineering Lead,FADAC RESOURCES LIMITED,Lagos,EmployerActive 3 days ago
engineer,Pharmaceutical Production Engineer,Kanselor Vacancy,Lagos,EmployerActive 2 days ago
engineer,Manufacturing Engineering Manager - Nigeria,BURN MANUFACTURING,Kano,PostedPosted 30+ days ago
engineer,Senior Quality Assurance Engineer,LemFi,Nigeria,EmployerActive 9 days ago
engineer,Product Engineer,ParallelScore,Lagos,EmployerActive 2 days ago
engineer,Quality Assurance Engineer – QAEAB241,DelonJobs,Lagos,EmployerActive 2 days ago
engineer,Civil Engineers,Chariot,Lagos,EmployerActive 9 days ago
engineer,Engineering Lead (Gas),One Step Ahead,Lagos,EmployerActive 3 days ago
engineer,Senior Backend Systems Engineer,eMedic Technologies Inc.,Lagos,EmployerActive 2 days ago
engineer,Systems Completion Engineer / Specialist III,Homeland Integrated Offshore Services Ltd,Lagos,EmployerActive 2 days ago
engineer,Technical Engineer,DREAMWORKS INTEGRATED SYSTEMS LIMITED,Abuja,EmployerActive 2 days ago
engineer,First-Level Support Engineer,Kuda Technologies Ltd,Lagos,EmployerActive 2 days ago
engineer,Computer / Electrical Engineer (Entry Level),TAMP CONSULTING,Lekki,EmployerActive 14 days ago
engineer,Network & Service Delivery Engineer (Ibadan),IPNX NIGERIA LIMITED,Ibadan,EmployerActive 9 days ago
engineer,Senior Software Engineer,Venture Garden Group,Ikeja,PostedPosted 30+ days ago
engineer,Mechanical Engineer,Cy,Lagos,EmployerActive 2 days ago
engineer,ELECTRICAL ENGINEER,GENESYS ENGINEERING SERVICES LTD,Shagamu,EmployerActive 2 days ago
engineer,Senior Fullstack Software Engineer & Tech lead,VPDMONEY,Abuja,EmployerActive 2 days ago
engineer,QA/QC Civil Engineer - Bonny Island,Alpha Mead Group,Rivers,PostedPosted 30+ days ago
engineer,Senior Fullstack Engineer,Ergeon,Lagos,EmployerActive 2 days ago
engineer,Electrical Engineer,Cy,Lagos,EmployerActive 2 days ago
engineer,ELECTRICAL ENGINEER,LandLagos,Lagos,PostedPosted 30+ days ago
engineer,Electrical Engineer (Construction/Real Estate),Ascentech Services Ltd,Benin City,EmployerActive 3 days ago
engineer,Systems Completion Engineer / Specialist,KIMERIC NIGERIA LIMITED,Lagos,EmployerActive 2 days ago
engineer,Technical Sales Engineer,Asamaka Industries Ltd Nigeria,Lagos,EmployerActive 2 days ago
engineer,Data Analytics Engineer,Rainforest Alliance,Kebbi,PostedPosted 7 days ago
engineer,Microsoft solution Presales Engineer,Arit of Africa,Lagos,EmployerActive 2 days ago
engineer,Principal Software Engineer,Snowflake,Plateau,PostedPosted 30+ days ago
engineer,SENIOR NETWORK CONSULTING ENGINEER,Arit of Africa,Lagos,PostedPosted 30+ days ago
engineer,Infrastructure Support Engineer (Core),Nethermind,Kebbi,PostedPosted 30+ days ago
engineer,Service Fulfillment and Support Engineer,ipNX Nig ltd,Port Harcourt,EmployerActive 2 days ago
engineer,Automotive and Technical Engineers,VoltaEV,Lagos,PostedPosted 30+ days ago
engineer,Construction Engineer,Engineering Automation Technology Limited,Eket,EmployerActive 2 days ago
engineer,Network & Service Delivery Engineer (PH),IPNX NIGERIA LIMITED,Port Harcourt,EmployerActive 9 days ago
engineer,Software Engineer,Let's Go There,Lagos,PostedPosted 30+ days ago
engineer,Senior Backend Engineer,Kuda Technologies Ltd,Lagos,EmployerActive 11 days ago
engineer,Network System Engineer,Reposebay,Lagos,EmployerActive 3 days ago
engineer,Technical Engineer (Lekki),DREAMWORKS INTEGRATED SYSTEMS LIMITED,Lagos,EmployerActive 2 days ago
engineer,Technical Engineer (Ogudu),DREAMWORKS INTEGRATED SYSTEMS LIMITED,Lagos,EmployerActive 2 days ago
engineer,Data Engineers,Procept Associates Professional Services Limited,Lagos,PostedPosted 22 days ago
engineer,Network Engineer (CCNP Certified),Terawork,Lagos,EmployerActive 2 days ago
engineer,Structural Engineer,Izedon Industries,Lagos,EmployerActive 2 days ago
engineer,Associate QA Engineer,Carry1st,Lagos,EmployerActive 3 days ago
engineer,Intermediate Software Engineer (SE3),Prodigy Finance Limited,Zamfara,PostedPosted 30+ days ago
engineer,Senior Software Engineer (Backend),Reliance Health,Lagos,EmployerActive 2 days ago
engineer,MECHANICAL ENGINEERS,AMA-ZUMA GROUP,Lagos,PostedPosted 30+ days ago
engineer,Intermediate Software Engineer (SE3),Prodigy Finance Limited,Zamfara,PostedPosted 30+ days ago
engineer,Senior Full-Stack Engineer,Deloitte,Lagos,PostedPosted 30+ days ago
engineer,Sales Engineer,ITM Services Limited,Port Harcourt,EmployerActive 26 days ago
engineer,Cloud Infrastructure Engineer,INFINION TECHNOLOGIES LIMITED,Lagos,PostedPosted 30+ days ago
engineer,Solar Sales Engineer,Jubaili Bros Engineering Limited,Lagos,EmployerActive 2 days ago
engineer,Frontend Engineer (Angular),Vendease,Lagos,PostedPosted 30+ days ago
engineer,QA/QC ENGINEER,Shaoma Nigeria,Lagos,PostedPosted 30+ days ago
engineer,FULL STACK SOFTWARE ENGINEER,GOODINFO,Kebbi,PostedPosted 30+ days ago
engineer,Senior Software Engineer (Backend),Reliance Health,Lagos,EmployerActive 2 days ago
engineer,Data Engineers,Procept Associates Professional Services Limited,Lagos,PostedPosted 22 days ago
engineer,Network Engineer,INFINION TECHNOLOGIES LIMITED,Lagos,PostedPosted 30+ days ago
engineer,Founding Engineer,Pariti,Kebbi,PostedPosted 30+ days ago
engineer,Solar Engineer,Swift consulting,Ibadan,EmployerActive 3 days ago
engineer,Software Engineer,Let's Go There,Lagos,PostedPosted 30+ days ago
engineer,QA Engineer,Kuda Technologies Ltd,Lagos,EmployerActive 4 days ago
engineer,Senior AI Engineer,Awarri,Lagos,PostedPosted 30+ days ago
engineer,iOS Mobile Engineer,KNN Corporate Services Limited,Lagos,EmployerActive 3 days ago
engineer,"Quality Assurance/ Quality control Analyst (Engineers) MARYLAND,LAGOS",LEITUNG GATE LIMITED,Lagos,EmployerActive 2 days ago
engineer,Implementation Engineer,IT Horizons Nigeria LTD,Lagos,EmployerActive 11 days ago
engineer,Web Engineer,Kuda Technologies Ltd,Lagos,EmployerActive 14 days ago
engineer,Crypto Data Scientist / Machine Learning Engineer (Nigeria-Remote),Token Metrics,Nigeria,PostedPosted 30+ days ago
engineer,Integration Support Engineer (Monnify Payment Gateway),Moniepoint,Lagos,PostedPosted 30+ days ago
engineer,Senior Backend Engineer,Kora,Lagos,EmployerActive 16 days ago
engineer,AZURE DEVOPS ENGINEER,ITC WORLDWIDE,Lagos,PostedPosted 30+ days ago
engineer,ELECTRICAL ENGINEER (KUBWE ABUJA),GENESYS ENGINEERING SERVICES LTD,Abuja,EmployerActive 2 days ago
engineer,Software Engineering Team Lead (Servicing),Prodigy Finance Limited,Zamfara,PostedPosted 30+ days ago
engineer,Data Engineer,Lorgarithm,Lagos,PostedPosted 22 days ago
engineer,Frontend Engineer (Angular and React),Moniepoint,Nigeria,PostedPosted 30+ days ago
engineer,Network Engineer - Tier 1,ITC WORLDWIDE,Abuja,PostedPosted 30+ days ago
engineer,Crypto Data Engineer (Nigeria- Remote),Token Metrics,Nigeria,PostedPosted 30+ days ago
engineer,Project Engineer,Daystar Power,Lagos,PostedPosted 30+ days ago
engineer,Senior Backend Software Engineer (PHP) - Fully Remote Job,Openprovider,Nigeria,EmployerActive 7 days ago
engineer,Senior Software Engineer (Java),IRecruiters Africa,Lagos,EmployerActive 7 days ago
engineer,Instrumental/ Mechanical Engineer,Fosad Consulting,Warri,PostedPosted 30+ days ago
engineer,Graduate Trainee - Metallurgist and Civil Engineer,African Industries Group,Kaduna,EmployerActive 14 days ago
engineer,Android Engineer,Kuda Technologies Ltd,Lagos,PostedPosted 30+ days ago
engineer,Sales Engineer Trainee,Funtay Gas Company Ltd,Lekki,EmployerActive 2 days ago
engineer,Senior Frontend Engineer,BroadTekniks,Lagos,EmployerActive 6 days ago
engineer,Cybersecurity Engineer,INFINION TECHNOLOGIES LIMITED,Lagos,PostedPosted 30+ days ago
engineer,Senior Engineer: Release Engineering,Cellulant Group,Nigeria,PostedPosted 30+ days ago
engineer,Senior Network Engineer: Microsoft 365 Modern Work,ITC WORLDWIDE,Abuja,PostedPosted 8 days ago
engineer,Senior Platform engineer.,Carbon,Lagos,PostedPosted 30+ days ago
engineer,Consulting - Generative AI Engineer/Developer,Deloitte,Lagos,PostedPosted 30+ days ago
engineer,"Engineer, Core Banking",Shara Inc,Lagos,PostedPosted 30+ days ago
engineer,DevOps Engineer,Kuda Technologies Ltd,Lagos,EmployerActive 3 days ago
engineer,Lead Integrations Engineer,Ash Nelson Partners,Lagos,EmployerActive 2 days ago
engineer,CIW Engineers,VoltaEV,Lagos,PostedPosted 30+ days ago
engineer,DevOps Engineer,INFINION TECHNOLOGIES LIMITED,Lagos,PostedPosted 30+ days ago
engineer,React Native Engineer,Lorgarithm,Lagos,PostedPosted 7 days ago
engineer,Ruby on Rails Engineer,Quidax,Nigeria,PostedPosted 30+ days ago
engineer,Senior Cloud Solutions Engineer,Paga,Yaba,PostedPosted 30+ days ago
engineer,Senior IOS Engineer,LemFi,Nigeria,PostedPosted 30+ days ago
engineer,Medical device after-sales engineer in Lagos,Guangzhou MeCan Medical Ltd.,Lagos,EmployerActive 2 days ago
engineer,Senior Engineer: Cloud Infrastructure,Cellulant Group,Nigeria,EmployerActive 14 days ago
engineer,Machine Learning Engineer/ Data Scientist with R certification + PL-400,ITC WORLDWIDE,Abuja,PostedPosted 30+ days ago
engineer,React Native Engineer,Kuda Technologies Ltd,Lagos,EmployerActive 3 days ago
engineer,ELECTRICAL ENGINEERS,AMA-ZUMA GROUP,Lagos,PostedPosted 30+ days ago
engineer,Blockchain Engineer (Nigeria-Remote),Token Metrics,Nigeria,PostedPosted 30+ days ago
engineer,Crypto QA Automation Engineer (Nigeria-Remote),Token Metrics,Nigeria,PostedPosted 30+ days ago
engineer,Utilities Construction Engineer,Terra Energy Service Nigeria Ltd,Port Harcourt,EmployerActive 2 days ago
engineer,Data Engineer,INFINION TECHNOLOGIES LIMITED,Lagos,PostedPosted 30+ days ago
engineer,Fullstack Integrated Cloud Customer Support Software Engineer,eMedicStore,Lagos,EmployerActive 2 days ago
engineer,"Senior Software Engineer - SE4 (Repay, Service, Collections)",Prodigy Finance Limited,Zamfara,PostedPosted 30+ days ago
engineer,Quality Assurance/ Quality control Analyst (Engineers) PORT-HARCOURT,LEITUNG GATE LIMITED,Port Harcourt,EmployerActive 2 days ago
engineer,Alternative Fuel Platform Engineer,Machineyard.com.ng,Lagos,PostedPosted 30+ days ago
engineer,INFRASTRUCTURE SECURITY ENGINEER,GVA Partners,Lagos,EmployerActive 2 days ago
engineer,Senior Cloud Infrastructure Engineer,Carbon,Lagos,EmployerActive 22 days ago
engineer,Network Support Engineer,ipNX Nig ltd,Lagos,EmployerActive 2 days ago
engineer,Battery Cell Engineer,VoltaEV,Lagos,PostedPosted 30+ days ago
engineer,Senior Pre-Sales Engineer(Fully onsite),Oscar Temple,Lagos,EmployerActive 7 days ago
engineer,Technical Sales Engineer,Selfa,Lagos,PostedPosted 30+ days ago
engineer,INSTRUMENTAL/ ELECTRICAL ENGINEER,Fosad Consulting,Warri,PostedPosted 30+ days ago
engineer,Application Security Engineer,Kora,Lagos,EmployerActive 4 days ago
engineer,Service Fulfillment Engineer Port Harcourt,IPNX NIGERIA LIMITED,Port Harcourt,EmployerActive 5 days ago
engineer,Solar Sales Engineer,Energi Talent Resourcing,Lagos,EmployerActive 8 days ago
engineer,Senior Backend Engineer,M-KOPA,Lagos,PostedPosted 30+ days ago
engineer,Senior Data Center Engineer,IPNX NIGERIA LIMITED,Lagos,EmployerActive 9 days ago
engineer,Battery Systems Engineer,VoltaEV,Lagos,PostedPosted 30+ days ago
engineer,"Manager, Software Engineering",Deloitte,Lagos,PostedPosted 30+ days ago
engineer,Lead Java Engineer - Merchant Solutions,PalmPay,Lagos,EmployerActive 2 days ago
engineer,Middleware Engineer,Tek Experts,Lagos,PostedPosted 30+ days ago
engineer,Software Engineering Manager,Reliance Health,Lagos,EmployerActive 2 days ago
engineer,Senior Engineering Manager: Release Engineering,Cellulant Group,Nigeria,PostedPosted 30+ days ago
engineer,Lead Chassis Engineer,VoltaEV,Lagos,PostedPosted 30+ days ago
engineer,"Engineering Manager, Collections (NodeJS & Java)",Flutterwave,Lekki,PostedPosted 7 days ago
engineer,Core Banking Engineer,Tek Experts,Lagos,PostedPosted 30+ days ago
engineer,Senior Engineer: Database,Cellulant Group,Lagos,EmployerActive 21 days ago
engineer,Network/Data Centre Engineer -Dispatch,DeRisk Technologies,Lagos,PostedPosted 30+ days ago
engineer,Senior iOS Engineer.,Carbon,Lagos,PostedPosted 30+ days ago
engineer,Simulation Engineers,VoltaEV,Lagos,PostedPosted 30+ days ago
engineer,Senior Engineer: Networks,Cellulant Group,Lagos,PostedPosted 30+ days ago
engineer,Android Engineering Team Lead,M-KOPA,Lagos,PostedPosted 14 days ago
engineer,IOS Engineer,Kuda Technologies Ltd,Lagos,PostedPosted 30+ days ago
